{
    "molecule": {
        "symbols": [
            "C",
            "C",
            "C",
            "C",
            "C",
            "C",
            "H",
            "H",
            "H",
            "H"
        ],
        "geometry": [
            0.0,
            -2.54517979,
            0.0,
            0.0,
            2.54517979,
            0.0,
            -2.28280033,
            -1.35083535,
            0.0,
            2.28280033,
            -1.35083535,
            0.0,
            2.28280033,
            1.35083535,
            0.0,
            -2.28280033,
            1.35083535,
            0.0,
            -4.07821905,
            -2.32086038,
            0.0,
            4.07821905,
            -2.32086038,
            0.0,
            4.07821905,
            2.32086038,
            0.0,
            -4.07821905,
            2.32086038,
            0.0
        ],
        "schema_name": "qcschema_molecule",
        "schema_version": 2,
        "name": "C6H4",
        "molecular_charge": 0.0,
        "molecular_multiplicity": 1,
        "masses": [
            12.0,
            12.0,
            12.0,
            12.0,
            12.0,
            12.0,
            1.00782503223,
            1.00782503223,
            1.00782503223,
            1.00782503223
        ],
        "real": [
            true,
            true,
            true,
            true,
            true,
            true,
            true,
            true,
            true,
            true
        ],
        "atom_labels": [
            "",
            "",
            "",
            "",
            "",
            "",
            "",
            "",
            "",
            ""
        ],
        "atomic_numbers": [
            6,
            6,
            6,
            6,
            6,
            6,
            1,
            1,
            1,
            1
        ],
        "mass_numbers": [
            12,
            12,
            12,
            12,
            12,
            12,
            1,
            1,
            1,
            1
        ],
        "fragments": [
            [
                0,
                1,
                2,
                3,
                4,
                5,
                6,
                7,
                8,
                9
            ]
        ],
        "fragment_charges": [
            0.0
        ],
        "fragment_multiplicities": [
            1
        ],
        "fix_com": false,
        "fix_orientation": false,
        "provenance": {
            "creator": "QCElemental",
            "version": "v0.3.3+17.gfeea2b1",
            "routine": "qcelemental.molparse.from_schema"
        }
    },
    "driver": "energy",
    "model": {
        "method": "hf",
        "basis": "lacvps_ecp"
    },
    "id": null,
    "schema_name": "qcschema_output",
    "schema_version": 1,
    "keywords": {
        "gpus": "1",
        "maxit": "500",
        "scf": "diis+a",
        "method": "rhf",
        "fon": "yes",
        "fon_method": "fermi",
        "fon_temerature": "0.0158",
        "fon_print": "1",
        "closed": "6",
        "active": "92"
    },
    "extras": {},
    "provenance": {
        "creator": "QCElemental",
        "version": "v0.3.3+17.gfeea2b1",
        "routine": "qcelemental.models.results"
    },
    "properties": {
        "nuclear_repulsion_energy": 186.022626642035,
        "scf_dipole_moment": [
            0.000312,
            0.000193,
            0.0
        ],
        "scf_total_energy": -225.516418471,
        "scf_iterations": 9
    },
    "return_result": -225.516418471,
    "success": true,
    "stdout": "Startfile from command line: tc.in\n\n\n       ***********************************************************\n       *                    TeraChem v1.5K                       *\n       *                 Hg Version: 3ce63a90c580+               *\n       *                Compiled without textures                *\n       *           Chemistry at the Speed of Graphics!           *\n       ***********************************************************\n       * This program may only be used in connection with        *\n       * a valid license from PetaChem, LLC. Use of this program *\n       * or results thereof indicates acceptance of all terms    *\n       * and conditions stated in the license and that a valid   *\n       * license agreement between the user and PetaChem, LLC    *\n       * exists. PetaChem, LLC does not warrant the correctness  *\n       * of results or their suitability for any purpose.        *\n       * Please email bugs, suggestions, and comments to         *\n       *                  help@petachem.com                      *\n       *                                                         *\n       ***********************************************************\n\n\n       ***********************************************************\n       *  Compiled by timis        Thu Feb  4 18:41:40 EST 2016  *\n       *  Supported architectures: sm_35 sm_50                   *\n       *  Cuda compilation tools, release 6.5, V6.5.16           *\n       ***********************************************************\n\n\n Job started   Fri May 10 11:40:38 2019\n On troggles (available memory: 46946 MB)\n\n######################################### RUNTIME INFO ##########################################\nterachem tc.in \n\nNVRM version: NVIDIA UNIX x86_64 Kernel Module  418.43  Tue Feb 19 01:12:11 CST 2019\nGCC version:  gcc version 5.4.0 20160609 (Ubuntu 5.4.0-6ubuntu1~16.04.11) \n\n\tlinux-vdso.so.1 =>  (0x00007fff76dc2000)\n\tlibintbox.so.1 => /opt/tc-020716/build/lib/libintbox.so.1 (0x00007fb2a509e000)\n\tlibthcbox.so.1 => /opt/tc-020716/build/lib/libthcbox.so.1 (0x00007fb2a4339000)\n\tlibcuda.so.1 => /usr/lib/x86_64-linux-gnu/libcuda.so.1 (0x00007fb2a31e3000)\n\tlibcudart.so.6.5 => /opt/tc-020716/build/lib/libcudart.so.6.5 (0x00007fb2a2f93000)\n\tlibcublas.so.6.5 => /opt/tc-020716/build/lib/libcublas.so.6.5 (0x00007fb2a14f5000)\n\tlibcufft.so.6.5 => /opt/tc-020716/build/lib/libcufft.so.6.5 (0x00007fb29ead0000)\n\tlibm.so.6 => /lib/x86_64-linux-gnu/libm.so.6 (0x00007fb29e7c7000)\n\tlibcilkrts.so.5 => /opt/tc-020716/build/lib/libcilkrts.so.5 (0x00007fb29e589000)\n\tlibstdc++.so.6 => /usr/lib/x86_64-linux-gnu/libstdc++.so.6 (0x00007fb29e207000)\n\tlibgcc_s.so.1 => /lib/x86_64-linux-gnu/libgcc_s.so.1 (0x00007fb29dff1000)\n\tlibpthread.so.0 => /lib/x86_64-linux-gnu/libpthread.so.0 (0x00007fb29ddd4000)\n\tlibc.so.6 => /lib/x86_64-linux-gnu/libc.so.6 (0x00007fb29da0a000)\n\t/lib64/ld-linux-x86-64.so.2 (0x00007fb2b30b3000)\n\tlibdl.so.2 => /lib/x86_64-linux-gnu/libdl.so.2 (0x00007fb29d806000)\n\tlibrt.so.1 => /lib/x86_64-linux-gnu/librt.so.1 (0x00007fb29d5fe000)\n\tlibnvidia-fatbinaryloader.so.418.43 => /usr/lib/x86_64-linux-gnu/libnvidia-fatbinaryloader.so.418.43 (0x00007fb29d3b0000)\n#################################################################################################\n\nScratch directory: ./scr\nRandom number seed: 1557502838\n\nXYZ coordinates geometry.xyz\nMolden File Output: ./scr/geometry.molden\nUsing basis set: lacvps_ecp\nSpin multiplicity: 1\nDIIS will use up to 10 vectors.\nWF convergence threshold: 3.00e-05\nUsing DIIS (in Converger class) to converge WF with ADIIS+DIIS as backup\nADIIS will switch to DIIS when the DIIS error drops below 1.00e-03\nMaximum number of SCF iterations: 500\nIncremental fock with rebuild ever 8 iterations\nWill switch to conventional Fock if diffuse functions are detected\nX-matrix tolerance: 1.00e-04\nPRECISION: DYNAMIC\nUsing fractional orbital occupations\nFractional occupations determined from the Fermi-Dirac distribution\n6 occupied orbitals will have integer occupation\n92 occupied orbitals will have fractional occupation\nkT is set to  0.250 a.u.\nDFT Functional requested: hf\nMethod: Hartree-Fock \nWavefunction: RESTRICTED\nInitial guess generated by maximum 